0.0995034,0,0.125346,0.0995034,0.155194,0.125346,0.192805,0.155194,0.20545,0.170318,0.23224,0.192886,0.23224,0.222131,0.261047,0.23224,0.276213,0.261047,0.276213,0.261047,0.291889,0.261483,0.291889,0.228881,0.308077,0.276977,0.324778,0.247167,0.324778,0.308077,0.362778,0.293421,0.362778,0.31238,0.400448,0.362778,0.42007,0.400448,0.42007,0.273058,0.440215,0.400448,0.460881,0.440215
0.00201005,0,0.0158377,0.00201005,0.0344963,0.013582,0.0344963,0.0263747,0.0571158,0.0344963,0.0626368,0.045806,0.0685144,0.0439019,0.0844033,0.0425468,0.0844033,0.0665552,0.0844033,0.0586718,0.0917459,0.0844033,0.0917459,0.0679543,0.107684,0.0917459,0.107684,0.0701562,0.134841,0.107684,0.134841,0.107684,0.155194,0.086121,0.155194,0.120476,0.192805,0.126301,0.192805,0.155194,0.20545,0.192805,0.23224,0.20545
0.0275674,0,0.107684,0.0275674,0.134841,0.0856097,0.144789,0.134841,0.192805,0.143368,0.192805,0.144789,0.192805,0.192805,0.192805,0.192805,0.20545,0.178314,0.20545,0.181475,0.20545,0.199127,0.23224,0.201235,0.23224,0.20545,0.23224,0.219095,0.23224,0.23224,0.24639,0.181791,0.24639,0.23224,0.24639,0.19416,0.261047,0.24639,0.291889,0.261047,0.381351,0.291889,0.482066,0.278401
0.0344963,0,0.0626368,0.0344963,0.0626368,0.0626368,0.0685144,0.0556017,0.0844033,0.0665552,0.0844033,0.0685144,0.0917459,0.0821335,0.0917459,0.0771478,0.125346,0.0917459,0.134841,0.0925024,0.134841,0.116946,0.134841,0.124067,0.134841,0.131676,0.134841,0.111458,0.192805,0.124067,0.192805,0.134841,0.192805,0.134841,0.20545,0.192805,0.218594,0.20545,0.24639,0.218594,0.261047,0.24639,0.261047,0.18818
0.0179994,0,0.0383918,0.0179994,0.0571158,0.0383918,0.0844033,0.0473367,0.0917459,0.0775814,0.0995034,0.089648,0.144789,0.0957284,0.155194,0.133467,0.155194,0.141271,0.166062,0.155194,0.192805,0.130843,0.192805,0.143988,0.192805,0.166062,0.192805,0.158971,0.192805,0.171353,0.20545,0.18389,0.218594,0.188698,0.24639,0.218594,0.261047,0.24639,0.291889,0.233414,0.308077,0.291889,0.362778,0.308077
0.00665438,0,0.0519413,0.00665438,0.0519413,0.0368457,0.0571158,0.0519413,0.0685144,0.0571158,0.0917459,0.0668351,0.0917459,0.0817948,0.0995034,0.0917459,0.0995034,0.0995034,0.0995034,0.0956247,0.0995034,0.097564,0.107684,0.0995034,0.107684,0.0836494,0.107684,0.0685537,0.107684,0.0995034,0.134841,0.107684,0.144789,0.0918619,0.192805,0.126378,0.218594,0.166062,0.261047,0.218594,0.276213,0.246896,0.276213,0.130203
0.0383918,0,0.0383918,0,0.0425902,0.0383918,0.0519413,0.0425902,0.0519413,0.0485539,0.0571158,0.04807,0.0571158,0.0519413,0.0571158,0.055391,0.0685144,0.0524348,0.0844033,0.0656648,0.0844033,0.0685144,0.0844033,0.0582455,0.0995034,0.079107,0.107684,0.0918842,0.116296,0.107684,0.155194,0.116296,0.155194,0.0787326,0.192805,0.155194,0.192805,0.144789,0.20545,0.122072,0.261047,0.20545,0.276213,0.203015
0.0571158,0,0.0685144,0.0571158,0.0844033,0.0656648,0.0844033,0.0844033,0.0844033,0.0804311,0.0917459,0.0844033,0.0917459,0.0844033,0.0917459,0.0892984,0.107684,0.0813821,0.116296,0.099715,0.116296,0.102371,0.125346,0.0950341,0.125346,0.125346,0.144789,0.125346,0.155194,0.120627,0.155194,0.0989042,0.166062,0.122832,0.166062,0.155194,0.192805,0.166062,0.23224,0.192805,0.23224,0.192805,0.308077,0.180447
0.0383918,0,0.0425902,0.0370933,0.0571158,0.0425902,0.0917459,0.0571158,0.144789,0.0867988,0.144789,0.0917459,0.144789,0.131528,0.155194,0.144789,0.155194,0.148257,0.166062,0.155194,0.192805,0.133507,0.192805,0.158971,0.192805,0.0987332,0.192805,0.171398,0.192805,0.180268,0.20545,0.159394,0.20545,0.192805,0.218594,0.20545,0.24639,0.209998,0.24639,0.209998,0.24639,0.218594,0.261047,0.24639
0.0275674,0,0.0626368,0.0275674,0.0685144,0.0626368,0.0917459,0.0685144,0.0995034,0.0703531,0.0995034,0.0786608,0.107684,0.0872145,0.116296,0.0958465,0.125346,0.10435,0.125346,0.102515,0.125346,0.0867196,0.134841,0.102415,0.134841,0.125346,0.144789,0.113512,0.166062,0.144789,0.166062,0.144789,0.166062,0.166062,0.166062,0.158971,0.192805,0.166062,0.218594,0.117186,0.23224,0.148394,0.23224,0.218594
0.0158377,0,0.0685144,0.0158377,0.0685144,0.0509555,0.0844033,0.0685144,0.0844033,0.0685144,0.0844033,0.0685144,0.0844033,0.0685144,0.0844033,0.0738107,0.0995034,0.0615481,0.0995034,0.0738107,0.107684,0.0995034,0.116296,0.107684,0.125346,0.116296,0.134841,0.108682,0.134841,0.104875,0.134841,0.125346,0.134841,0.113397,0.155194,0.134841,0.166062,0.13846,0.166062,0.132408,0.192805,0.166062,0.192805,0.127798
0.0425902,0,0.0844033,0.0411907,0.0995034,0.0844033,0.107684,0.0995034,0.144789,0.0914106,0.192805,0.128768,0.192805,0.133971,0.20545,0.192805,0.20545,0.199127,0.218594,0.20545,0.218594,0.202289,0.218594,0.187123,0.218594,0.214213,0.23224,0.154295,0.23224,0.218594,0.23224,0.23224,0.24639,0.23224,0.276213,0.232408,0.324778,0.276213,0.362778,0.285002,0.381351,0.262274,0.460881,0.381351
0.00565032,0,0.0519413,0.00565032,0.0685144,0.0519413,0.0844033,0.0614323,0.0917459,0.0581523,0.0995034,0.0917459,0.107684,0.0995034,0.107684,0.0919006,0.116296,0.104358,0.125346,0.11199,0.125346,0.102185,0.134841,0.125346,0.144789,0.134841,0.166062,0.137665,0.192805,0.118611,0.192805,0.158971,0.23224,0.166992,0.24639,0.17653,0.24639,0.209207,0.362778,0.241673,0.362778,0.24639,0.400448,0.362778
0.00565032,0,0.00779053,0.00565032,0.0158377,0.00762822,0.0158377,0.0138753,0.0179994,0.0158377,0.0179994,0.0158377,0.0203719,0.0143663,0.0383918,0.0203719,0.0425902,0.0276552,0.0425902,0.0327532,0.0471031,0.0303475,0.0519413,0.0471031,0.0571158,0.0221827,0.0626368,0.0522739,0.0685144,0.0626368,0.0685144,0.0303176,0.0844033,0.0685144,0.0844033,0.0666736,0.107684,0.0844033,0.107684,0.0651693,0.125346,0.0478943,0.125346,0.107684
0.125346,0,0.125346,0.120821,0.134841,0.122329,0.134841,0.125346,0.144789,0.134841,0.144789,0.132128,0.144789,0.137441,0.144789,0.139928,0.155194,0.137441,0.166062,0.155194,0.166062,0.145244,0.166062,0.15249,0.192805,0.158971,0.192805,0.166062,0.20545,0.176799,0.20545,0.176799,0.20545,0.192805,0.218594,0.20545,0.218594,0.192805,0.218594,0.190677,0.24639,0.218594,0.276213,0.24639
0.00163696,0,0.00295746,0.00163696,0.0275674,0.00251729,0.0571158,0.0275674,0.0571158,0.0169656,0.0626368,0.0432461,0.0917459,0.0626368,0.0917459,0.0626368,0.0917459,0.0917459,0.0995034,0.0844686,0.107684,0.0969176,0.134841,0.0699695,0.144789,0.120476,0.144789,0.119217,0.144789,0.132467,0.155194,0.129693,0.155194,0.103192,0.192805,0.106844,0.192805,0.155194,0.192805,0.130576,0.192805,0.155194,0.192805,0.166062
0.0844033,0,0.0844033,0,0.0995034,0.0844033,0.0995034,0.0844033,0.116296,0.0995034,0.134841,0.116296,0.144789,0.117172,0.155194,0.144789,0.166062,0.13867,0.192805,0.136981,0.192805,0.116566,0.192805,0.192805,0.192805,0.149167,0.218594,0.192805,0.24639,0.218594,0.261047,0.19376,0.276213,0.261047,0.276213,0.192372,0.362778,0.185281,0.362778,0.24841,0.381351,0.362778,0.482066,0.381351
0.116296,0,0.116296,0,0.155194,0.116296,0.155194,0.116296,0.155194,0.145469,0.155194,0.142228,0.192805,0.153707,0.192805,0.155194,0.192805,0.155194,0.192805,0.176716,0.192805,0.183402,0.192805,0.192805,0.192805,0.176716,0.192805,0.192805,0.20545,0.192805,0.218594,0.189725,0.23224,0.218594,0.23224,0.189849,0.23224,0.209998,0.261047,0.21897,0.276213,0.261047,0.308077,0.228697
0.0275674,0,0.0344963,0.0275674,0.0425902,0.0344963,0.0425902,0.0405667,0.0519413,0.0425902,0.0519413,0.0425902,0.0571158,0.0519413,0.0844033,0.0534844,0.0844033,0.0571158,0.0844033,0.0844033,0.116296,0.059645,0.125346,0.116296,0.144789,0.0946961,0.144789,0.100371,0.166062,0.12287,0.166062,0.144789,0.192805,0.15249,0.192805,0.140329,0.192805,0.166062,0.192805,0.160744,0.192805,0.166062,0.24639,0.192805
0.0425902,0,0.0425902,0.0411907,0.0471031,0.0425902,0.0471031,0.0425902,0.0626368,0.0471031,0.0685144,0.0507767,0.0685144,0.0626368,0.0685144,0.0574589,0.0844033,0.0685144,0.0844033,0.0685084,0.0844033,0.0844033,0.0917459,0.0844033,0.0917459,0.0859381,0.0995034,0.0821708,0.107684,0.0770032,0.107684,0.097564,0.107684,0.0998187,0.116296,0.107684,0.134841,0.116296,0.134841,0.116296,0.134841,0.125789,0.144789,0.134841
0.00906959,0,0.0275674,0.00906959,0.144789,0.0275674,0.144789,0.141473,0.144789,0.0995489,0.144789,0.134841,0.155194,0.144789,0.155194,0.151725,0.166062,0.155194,0.166062,0.152592,0.166062,0.131438,0.192805,0.160744,0.192805,0.166062,0.192805,0.183402,0.20545,0.186119,0.20545,0.180801,0.218594,0.18928,0.218594,0.20545,0.23224,0.218594,0.276213,0.22331,0.276213,0.193992,0.362778,0.276213
0.0844033,0,0.0995034,0.0844033,0.155194,0.096238,0.166062,0.13867,0.192805,0.166062,0.192805,0.138842,0.20545,0.170031,0.218594,0.162624,0.24639,0.196172,0.24639,0.24639,0.261047,0.24639,0.261047,0.216642,0.276213,0.242515,0.291889,0.207369,0.308077,0.276723,0.308077,0.291889,0.324778,0.308077,0.324778,0.292401,0.362778,0.324778,0.381351,0.314717,0.42007,0.381351,0.440215,0.42007
0.00132137,0,0.0179994,0.00132137,0.0203719,0.0138299,0.0519413,0.0169726,0.0519413,0.0197788,0.0519413,0.0519413,0.0519413,0.0406274,0.0626368,0.044049,0.0626368,0.0626368,0.0626368,0.0485485,0.0844033,0.0626368,0.0844033,0.0599629,0.0844033,0.0421983,0.0844033,0.0685144,0.116296,0.0771478,0.116296,0.0844033,0.125346,0.116296,0.134841,0.111698,0.134841,0.111698,0.192805,0.134841,0.192805,0.134841,0.192805,0.0807818
0.00565032,0,0.0519413,0.00565032,0.0519413,0.036511,0.0685144,0.039159,0.0844033,0.0486551,0.0844033,0.0685144,0.0844033,0.079107,0.0917459,0.0762878,0.0995034,0.0759869,0.107684,0.0856735,0.125346,0.0917032,0.166062,0.125346,0.192805,0.14129,0.192805,0.138842,0.218594,0.192805,0.23224,0.218594,0.24639,0.196609,0.24639,0.23224,0.261047,0.24639,0.291889,0.193048,0.324778,0.291889,0.362778,0.200324
0.0203719,0,0.0519413,0.0203719,0.0844033,0.0519413,0.0844033,0.0519413,0.107684,0.0762878,0.107684,0.079107,0.116296,0.0872476,0.125346,0.0843211,0.134841,0.108432,0.144789,0.134841,0.155194,0.132692,0.155194,0.144789,0.155194,0.144789,0.155194,0.104074,0.155194,0.145469,0.192805,0.117308,0.192805,0.155194,0.20545,0.192805,0.23224,0.188698,0.23224,0.171946,0.24639,0.23224,0.24639,0.218594
0.00565032,0,0.0138753,0.00565032,0.0344963,0.0138753,0.0471031,0.029341,0.0519413,0.0471031,0.0519413,0.0519413,0.0519413,0.0461263,0.0571158,0.0512502,0.0571158,0.0519413,0.0571158,0.053319,0.0685144,0.0558222,0.0685144,0.0546126,0.0685144,0.0656648,0.107684,0.057175,0.116296,0.0684642,0.125346,0.116296,0.134841,0.0665035,0.134841,0.106402,0.144789,0.0874025,0.144789,0.134841,0.166062,0.119364,0.192805,0.166062
0.116296,0,0.125346,0.116296,0.125346,0.116296,0.155194,0.125346,0.166062,0.155194,0.166062,0.155194,0.192805,0.166062,0.192805,0.163345,0.192805,0.158387,0.192805,0.186119,0.192805,0.17594,0.20545,0.192805,0.20545,0.183611,0.218594,0.20545,0.218594,0.202289,0.23224,0.186563,0.24639,0.209998,0.291889,0.232743,0.308077,0.291889,0.482066,0.308077,0.503769,0.482066,0.597144,0.401476
0.0626368,0,0.144789,0.0626368,0.155194,0.144789,0.192805,0.144789,0.192805,0.120873,0.192805,0.183402,0.192805,0.183402,0.20545,0.192805,0.20545,0.201235,0.218594,0.20545,0.218594,0.194658,0.218594,0.212147,0.291889,0.209998,0.291889,0.218594,0.308077,0.248794,0.308077,0.291889,0.308077,0.308077,0.324778,0.308077,0.324778,0.263336,0.362778,0.319211,0.381351,0.362778,0.42007,0.303557
0.0519413,0,0.0571158,0.0519413,0.155194,0.0558222,0.155194,0.151725,0.166062,0.122501,0.166062,0.155194,0.192805,0.166062,0.192805,0.162957,0.192805,0.176716,0.192805,0.192805,0.20545,0.192805,0.20545,0.20545,0.218594,0.195966,0.218594,0.209998,0.23224,0.205699,0.261047,0.227691,0.261047,0.218594,0.261047,0.251445,0.276213,0.261047,0.276213,0.176716,0.291889,0.276213,0.460881,0.291889
0.0917459,0,0.0917459,0,0.0995034,0.0917459,0.116296,0.0936853,0.134841,0.110698,0.134841,0.116296,0.155194,0.134841,0.155194,0.134841,0.155194,0.150106,0.166062,0.152592,0.166062,0.134044,0.192805,0.143876,0.192805,0.155847,0.192805,0.15362,0.192805,0.166992,0.20545,0.183402,0.218594,0.20545,0.23224,0.218594,0.24639,0.184499,0.24639,0.14841,0.362778,0.24639,0.362778,0.219263
0.125346,0,0.125346,0,0.134841,0.123083,0.134841,0.131676,0.144789,0.133485,0.144789,0.132467,0.144789,0.138157,0.155194,0.142302,0.155194,0.138308,0.166062,0.144903,0.166062,0.166062,0.166062,0.15249,0.192805,0.150221,0.192805,0.147848,0.192805,0.166062,0.192805,0.166062,0.192805,0.18389,0.192805,0.192805,0.324778,0.192805,0.324778,0.18389,0.362778,0.22079,0.400448,0.362778
0.0121007,0,0.0138753,0.0121007,0.0275674,0.0138753,0.0519413,0.0275674,0.0844033,0.0519413,0.0844033,0.0762878,0.0917459,0.0844033,0.0917459,0.0880746,0.0995034,0.0899103,0.0995034,0.0969176,0.107684,0.0703692,0.107684,0.093789,0.107684,0.0995034,0.116296,0.072382,0.125346,0.094212,0.144789,0.114146,0.144789,0.092753,0.192805,0.13242,0.20545,0.192805,0.24639,0.20545,0.24639,0.24639,0.291889,0.24639
0.0121007,0,0.0383918,0.0121007,0.0844033,0.0283296,0.0917459,0.0729004,0.0917459,0.0729004,0.107684,0.082026,0.116296,0.103699,0.134841,0.108112,0.134841,0.0733808,0.144789,0.114904,0.144789,0.135291,0.144789,0.134841,0.155194,0.135512,0.166062,0.133592,0.192805,0.166062,0.20545,0.192805,0.20545,0.176799,0.291889,0.20545,0.291889,0.20545,0.291889,0.249947,0.440215,0.291889,0.440215,0.246324
0.0344963,0,0.0425902,0.0344963,0.0685144,0.0425902,0.0844033,0.0579138,0.0917459,0.0844033,0.0917459,0.0844033,0.107684,0.0774335,0.107684,0.0676169,0.125346,0.102371,0.144789,0.122329,0.144789,0.116444,0.155194,0.144789,0.155194,0.115826,0.166062,0.134537,0.192805,0.166062,0.20545,0.158153,0.218594,0.167549,0.218594,0.20545,0.23224,0.209998,0.23224,0.166299,0.261047,0.208998,0.324778,0.261047
0.00565032,0,0.0425902,0.00565032,0.0425902,0.0302769,0.0519413,0.0425902,0.0519413,0.0425902,0.0995034,0.0496036,0.116296,0.0995034,0.116296,0.116296,0.125346,0.052365,0.144789,0.109832,0.144789,0.118885,0.155194,0.142302,0.155194,0.139815,0.192805,0.129262,0.192805,0.124442,0.192805,0.113839,0.261047,0.159394,0.276213,0.120347,0.308077,0.182567,0.324778,0.308077,0.362778,0.303534,0.362778,0.324778
0.0844033,0,0.0844033,0,0.0917459,0.0844033,0.116296,0.0917459,0.125346,0.105665,0.144789,0.125346,0.155194,0.144789,0.155194,0.133141,0.155194,0.144789,0.155194,0.144789,0.166062,0.139332,0.192805,0.163345,0.192805,0.148186,0.20545,0.180268,0.218594,0.189725,0.218594,0.184483,0.23224,0.186325,0.261047,0.23224,0.308077,0.2383,0.324778,0.308077,0.400448,0.26814,0.400448,0.324778
0.0685144,0,0.0685144,0.0685144,0.0844033,0.0685144,0.0917459,0.0798636,0.0917459,0.0840021,0.107684,0.0859381,0.116296,0.107684,0.134841,0.116296,0.134841,0.110158,0.134841,0.116296,0.144789,0.124067,0.144789,0.107486,0.144789,0.134841,0.144789,0.119765,0.155194,0.144789,0.192805,0.155194,0.192805,0.155194,0.192805,0.155194,0.192805,0.151725,0.192805,0.192805,0.218594,0.192805,0.362778,0.173028
0.0844033,0,0.0844033,0,0.0995034,0.0844033,0.125346,0.0995034,0.134841,0.125346,0.134841,0.125346,0.134841,0.134841,0.144789,0.123062,0.144789,0.141473,0.144789,0.12466,0.144789,0.137441,0.155194,0.144789,0.155194,0.144789,0.155194,0.13846,0.166062,0.155194,0.166062,0.155194,0.192805,0.152938,0.192805,0.150452,0.192805,0.158816,0.192805,0.154306,0.20545,0.152032,0.261047,0.151213
0.192805,0,0.192805,0.192805,0.218594,0.192805,0.218594,0.218594,0.23224,0.218594,0.23224,0.21491,0.23224,0.218594,0.23224,0.23224,0.24639,0.23224,0.24639,0.222381,0.24639,0.235777,0.261047,0.24639,0.261047,0.24639,0.276213,0.261047,0.276213,0.256161,0.276213,0.276213,0.291889,0.276213,0.324778,0.276723,0.324778,0.291889,0.324778,0.291889,0.324778,0.261725,0.460881,0.261555
0.0844033,0,0.116296,0.0844033,0.125346,0.113425,0.144789,0.125346,0.144789,0.137665,0.155194,0.144789,0.166062,0.151725,0.192805,0.138842,0.192805,0.160744,0.192805,0.192805,0.192805,0.186119,0.20545,0.167429,0.20545,0.192805,0.20545,0.185424,0.218594,0.193171,0.218594,0.212147,0.23224,0.218594,0.24639,0.214546,0.276213,0.228528,0.276213,0.24639,0.276213,0.199458,0.291889,0.276213
0.0179994,0,0.0308921,0.0179994,0.0425902,0.0308921,0.0626368,0.0396657,0.0844033,0.0626368,0.0917459,0.0844033,0.107684,0.0917459,0.107684,0.0917459,0.107684,0.107684,0.116296,0.107684,0.116296,0.0810964,0.125346,0.116296,0.134841,0.122329,0.155194,0.0927288,0.155194,0.134841,0.155194,0.0944727,0.166062,0.155194,0.166062,0.155194,0.166062,0.102432,0.166062,0.115807,0.192805,0.122894,0.308077,0.166062
0.0917459,0,0.116296,0.0917459,0.125346,0.108112,0.134841,0.125346,0.134841,0.125346,0.134841,0.134841,0.166062,0.134841,0.166062,0.130205,0.192805,0.166062,0.192805,0.166062,0.192805,0.15554,0.20545,0.192805,0.218594,0.192442,0.23224,0.202175,0.23224,0.219095,0.24639,0.23224,0.24639,0.205837,0.276213,0.178076,0.291889,0.276213,0.308077,0.291889,0.362778,0.272854,0.362778,0.308077
0.0425902,0,0.0519413,0.0425902,0.0685144,0.0519413,0.0844033,0.0661469,0.0844033,0.0685144,0.0844033,0.0844033,0.0844033,0.0723156,0.0917459,0.0844033,0.125346,0.0862389,0.125346,0.0892984,0.125346,0.100498,0.144789,0.104875,0.192805,0.124832,0.192805,0.192805,0.192805,0.176799,0.192805,0.115241,0.218594,0.192805,0.23224,0.209998,0.24639,0.23224,0.261047,0.24639,0.308077,0.210928,0.308077,0.261047
0.0425902,0,0.0471031,0.0425902,0.0626368,0.0471031,0.0844033,0.0559546,0.0995034,0.0647144,0.107684,0.0779465,0.125346,0.101864,0.134841,0.105785,0.144789,0.110533,0.144789,0.118238,0.155194,0.128165,0.155194,0.144789,0.166062,0.14841,0.166062,0.166062,0.192805,0.166062,0.192805,0.155425,0.20545,0.13341,0.20545,0.192805,0.218594,0.167097,0.24639,0.218594,0.261047,0.24639,0.276213,0.206726
0.0344963,0,0.0344963,0,0.0844033,0.0344963,0.0844033,0.0679543,0.0917459,0.0804311,0.0917459,0.0917459,0.0995034,0.0917459,0.107684,0.0775372,0.116296,0.0998187,0.116296,0.102371,0.125346,0.102185,0.125346,0.125346,0.144789,0.125346,0.144789,0.12466,0.155194,0.144789,0.166062,0.134044,0.166062,0.110074,0.166062,0.123664,0.192805,0.143876,0.20545,0.192805,0.308077,0.20545,0.362778,0.308077
0.0425902,0,0.0471031,0.0425902,0.0519413,0.0471031,0.0571158,0.0519413,0.0844033,0.0558222,0.0844033,0.0571158,0.0844033,0.0700112,0.0844033,0.0844033,0.0917459,0.0844033,0.0917459,0.0750782,0.0917459,0.0797659,0.0917459,0.0844033,0.107684,0.0917459,0.107684,0.0859861,0.116296,0.0897638,0.125346,0.0860966,0.155194,0.0949904,0.192805,0.142228,0.24639,0.108259,0.24639,0.192805,0.24639,0.101868,0.24639,0.24639
0.0844033,0,0.107684,0.0844033,0.107684,0.0844033,0.116296,0.107684,0.134841,0.116296,0.144789,0.1224,0.155194,0.144789,0.155194,0.117929,0.155194,0.133026,0.155194,0.138114,0.155194,0.134895,0.192805,0.152592,0.192805,0.144134,0.20545,0.192805,0.20545,0.188698,0.218594,0.20545,0.23224,0.18208,0.261047,0.23224,0.276213,0.211612,0.324778,0.190478,0.362778,0.324778,0.362778,0.324778
0.0425902,0,0.0519413,0.0425902,0.0685144,0.0519413,0.0844033,0.0620334,0.0917459,0.0844033,0.0995034,0.0826258,0.0995034,0.0838378,0.116296,0.0995034,0.116296,0.0875338,0.134841,0.1079,0.144789,0.134841,0.155194,0.12466,0.155194,0.119364,0.155194,0.114191,0.166062,0.121822,0.192805,0.166062,0.192805,0.155194,0.192805,0.166062,0.20545,0.192805,0.23224,0.130087,0.24639,0.186629,0.291889,0.24639
0.0275674,0,0.0995034,0.0275674,0.166062,0.0995034,0.192805,0.166062,0.20545,0.192805,0.23224,0.199127,0.24639,0.22331,0.24639,0.164516,0.24639,0.212272,0.24639,0.205837,0.261047,0.241673,0.261047,0.24639,0.261047,0.24639,0.261047,0.212912,0.261047,0.261047,0.261047,0.256161,0.261047,0.24639,0.276213,0.261047,0.291889,0.266272,0.324778,0.291889,0.362778,0.324778,0.362778,0.324778
0.0158377,0,0.0158377,0,0.0571158,0.0158377,0.0571158,0.0158377,0.0571158,0.0158377,0.0626368,0.0571158,0.0685144,0.0626368,0.0844033,0.0656648,0.0995034,0.0775938,0.0995034,0.0851315,0.0995034,0.078587,0.107684,0.0995034,0.107684,0.0995034,0.107684,0.0957284,0.107684,0.107684,0.107684,0.0995034,0.125346,0.105639,0.144789,0.0985555,0.155194,0.144789,0.155194,0.064012,0.166062,0.145244,0.24639,0.166062
0.00779053,0,0.0203719,0.00779053,0.0275674,0.0203719,0.0275674,0.0203719,0.0308921,0.0275674,0.0844033,0.0308921,0.0844033,0.0308921,0.0844033,0.0710255,0.0844033,0.0844033,0.0844033,0.0652501,0.0917459,0.0844033,0.0917459,0.0844033,0.0917459,0.0917459,0.0917459,0.0728612,0.0995034,0.0917459,0.107684,0.0705404,0.107684,0.0756658,0.116296,0.107684,0.155194,0.0999292,0.20545,0.110448,0.24639,0.192805,0.276213,0.24639
0.0995034,0,0.116296,0.0995034,0.125346,0.112098,0.134841,0.125346,0.134841,0.125346,0.144789,0.131676,0.144789,0.134841,0.155194,0.144789,0.166062,0.155194,0.192805,0.149422,0.192805,0.157738,0.192805,0.166062,0.192805,0.178314,0.218594,0.192805,0.218594,0.192805,0.23224,0.218594,0.24639,0.209111,0.261047,0.24639,0.261047,0.246559,0.291889,0.206638,0.291889,0.246896,0.291889,0.261047
0.0685144,0,0.0844033,0.0685144,0.0844033,0.0685144,0.0917459,0.0844033,0.116296,0.0917459,0.116296,0.0899103,0.116296,0.116296,0.125346,0.112789,0.125346,0.116296,0.134841,0.119312,0.166062,0.132467,0.166062,0.131676,0.166062,0.132467,0.192805,0.166062,0.192805,0.137304,0.20545,0.167302,0.218594,0.175577,0.218594,0.20545,0.24639,0.201084,0.276213,0.148769,0.276213,0.201752,0.291889,0.276213
0.0471031,0,0.125346,0.0471031,0.125346,0.125346,0.134841,0.124053,0.134841,0.0992649,0.134841,0.134841,0.144789,0.134841,0.155194,0.142302,0.166062,0.155194,0.192805,0.148564,0.192805,0.166062,0.192805,0.152823,0.192805,0.142759,0.192805,0.18389,0.192805,0.164569,0.192805,0.171353,0.23224,0.192805,0.261047,0.171308,0.261047,0.177755,0.276213,0.261047,0.362778,0.276213,0.381351,0.158071
0.0626368,0,0.0626368,0,0.0844033,0.0626368,0.0917459,0.0844033,0.0995034,0.0917459,0.116296,0.0846287,0.125346,0.100728,0.134841,0.123083,0.134841,0.104843,0.134841,0.134841,0.144789,0.134841,0.144789,0.134841,0.166062,0.119277,0.166062,0.145399,0.192805,0.140273,0.20545,0.15279,0.20545,0.192805,0.218594,0.177699,0.261047,0.218594,0.261047,0.218594,0.276213,0.261047,0.308077,0.2383
0.144789,0,0.192805,0.144789,0.192805,0.192805,0.20545,0.192805,0.218594,0.20545,0.23224,0.218594,0.276213,0.215684,0.291889,0.266104,0.324778,0.28797,0.324778,0.291889,0.324778,0.28797,0.362778,0.324778,0.362778,0.319211,0.362778,0.293932,0.362778,0.286724,0.362778,0.324778,0.362778,0.313915,0.400448,0.350111,0.400448,0.362778,0.42007,0.400448,0.460881,0.309212,0.503769,0.460881
0.0844033,0,0.0844033,0.0844033,0.0995034,0.0844033,0.107684,0.09447,0.107684,0.101864,0.116296,0.107684,0.116296,0.107684,0.134841,0.114143,0.144789,0.128052,0.144789,0.144789,0.155194,0.135291,0.166062,0.127772,0.192805,0.146603,0.192805,0.166062,0.192805,0.138558,0.192805,0.166062,0.192805,0.128436,0.192805,0.192805,0.192805,0.180801,0.20545,0.192805,0.218594,0.192805,0.218594,0.176716
0.0995034,0,0.107684,0.0995034,0.125346,0.105639,0.125346,0.105347,0.134841,0.125346,0.155194,0.134841,0.155194,0.125789,0.155194,0.125678,0.155194,0.134841,0.155194,0.141776,0.166062,0.155194,0.192805,0.145704,0.192805,0.166062,0.192805,0.166062,0.20545,0.192805,0.20545,0.180268,0.218594,0.157005,0.218594,0.155776,0.218594,0.20545,0.276213,0.218594,0.276213,0.218594,0.308077,0.276213
0.0275674,0,0.0571158,0.0275674,0.116296,0.0571158,0.116296,0.110555,0.125346,0.116296,0.155194,0.100901,0.155194,0.125346,0.166062,0.145469,0.166062,0.152592,0.192805,0.163345,0.192805,0.166062,0.192805,0.166062,0.192805,0.153166,0.192805,0.176716,0.192805,0.192805,0.218594,0.192805,0.24639,0.201401,0.24639,0.218594,0.261047,0.24639,0.291889,0.2383,0.362778,0.233414,0.42007,0.362778
0.107684,0,0.116296,0.107684,0.125346,0.116296,0.144789,0.12093,0.155194,0.138067,0.166062,0.149991,0.192805,0.148186,0.192805,0.146033,0.192805,0.166062,0.192805,0.153166,0.192805,0.176716,0.20545,0.192805,0.23224,0.192321,0.23224,0.201235,0.23224,0.20595,0.24639,0.23224,0.24639,0.19416,0.261047,0.200155,0.276213,0.261047,0.308077,0.276213,0.324778,0.308077,0.381351,0.324778
0.0425902,0,0.134841,0.0425902,0.166062,0.134841,0.192805,0.162439,0.192805,0.186119,0.192805,0.178314,0.192805,0.142733,0.20545,0.192805,0.218594,0.202289,0.218594,0.218594,0.23224,0.218594,0.23224,0.212272,0.23224,0.201084,0.24639,0.23224,0.276213,0.24639,0.276213,0.219221,0.276213,0.230215,0.276213,0.261047,0.291889,0.257007,0.308077,0.291889,0.362778,0.252084,0.400448,0.31569
0.0383918,0,0.0383918,0,0.0519413,0.0383918,0.0519413,0.0383918,0.0571158,0.0485539,0.0685144,0.055391,0.0995034,0.0685144,0.0995034,0.0853742,0.107684,0.0995034,0.107684,0.0889065,0.116296,0.0978916,0.125346,0.0948442,0.155194,0.125346,0.166062,0.112153,0.166062,0.166062,0.192805,0.15362,0.192805,0.130651,0.20545,0.14585,0.24639,0.20545,0.276213,0.159108,0.276213,0.24639,0.308077,0.239496
0.0471031,0,0.107684,0.0471031,0.107684,0.0459749,0.116296,0.105639,0.134841,0.114143,0.134841,0.116296,0.155194,0.128312,0.166062,0.150106,0.166062,0.155194,0.192805,0.15554,0.192805,0.155436,0.20545,0.192805,0.218594,0.172862,0.23224,0.164036,0.23224,0.218594,0.23224,0.157383,0.261047,0.219095,0.291889,0.261047,0.291889,0.261047,0.362778,0.230064,0.381351,0.244764,0.525986,0.381351
0.0844033,0,0.0995034,0.079107,0.107684,0.0973462,0.107684,0.107684,0.134841,0.107684,0.134841,0.118029,0.144789,0.108653,0.155194,0.121704,0.166062,0.155194,0.192805,0.166062,0.192805,0.128336,0.192805,0.164431,0.218594,0.192805,0.218594,0.150244,0.218594,0.192805,0.218594,0.192805,0.261047,0.218594,0.261047,0.193992,0.261047,0.218978,0.276213,0.261047,0.291889,0.276213,0.291889,0.18563
0.107684,0,0.107684,0,0.107684,0.107684,0.116296,0.107684,0.116296,0.113425,0.125346,0.113425,0.134841,0.116405,0.155194,0.128052,0.166062,0.138228,0.192805,0.166062,0.192805,0.162439,0.192805,0.173484,0.20545,0.192805,0.23224,0.144003,0.261047,0.193592,0.276213,0.229385,0.291889,0.276213,0.291889,0.276213,0.291889,0.276213,0.362778,0.276213,0.362778,0.266823,0.400448,0.362778
0.00244772,0,0.0179994,0.00244772,0.0383918,0.0141115,0.0519413,0.0354786,0.0571158,0.0507318,0.0844033,0.0571158,0.0844033,0.044077,0.0844033,0.0558222,0.0844033,0.0700112,0.0844033,0.0647849,0.0917459,0.0844033,0.0917459,0.0596868,0.0917459,0.0844033,0.107684,0.0917459,0.116296,0.107684,0.125346,0.0974816,0.125346,0.116296,0.144789,0.0815372,0.144789,0.114146,0.166062,0.13242,0.192805,0.166062,0.23224,0.192805
0.0685144,0,0.0844033,0.0685144,0.0844033,0.0844033,0.0917459,0.0804311,0.0995034,0.0859381,0.107684,0.093789,0.107684,0.0995034,0.116296,0.095317,0.116296,0.110698,0.125346,0.0963773,0.125346,0.113571,0.144789,0.125346,0.155194,0.138308,0.166062,0.131597,0.166062,0.155194,0.166062,0.155194,0.192805,0.166062,0.192805,0.130745,0.23224,0.192805,0.23224,0.125087,0.24639,0.219095,0.308077,0.24639
0.0383918,0,0.0383918,0.0383918,0.0519413,0.0383918,0.0844033,0.04807,0.0844033,0.0729004,0.116296,0.0729004,0.116296,0.0844033,0.116296,0.107684,0.125346,0.116296,0.134841,0.104875,0.134841,0.125346,0.166062,0.117595,0.166062,0.108682,0.192805,0.155655,0.20545,0.144528,0.20545,0.192805,0.24639,0.20545,0.24639,0.20545,0.24639,0.232743,0.261047,0.24639,0.276213,0.168859,0.276213,0.168296
0.0203719,0,0.0275674,0.0203719,0.0471031,0.0239696,0.0471031,0.0471031,0.0626368,0.0471031,0.0844033,0.0543799,0.107684,0.0666736,0.107684,0.0683955,0.134841,0.107684,0.134841,0.107684,0.134841,0.107684,0.134841,0.0965428,0.144789,0.100297,0.166062,0.117929,0.192805,0.166062,0.192805,0.13341,0.20545,0.159019,0.20545,0.1537,0.218594,0.192805,0.24639,0.205616,0.362778,0.171492,0.400448,0.362778
0.0383918,0,0.0685144,0.0383918,0.0844033,0.0685144,0.125346,0.0637698,0.134841,0.0933716,0.155194,0.121063,0.166062,0.152592,0.192805,0.166062,0.192805,0.15554,0.20545,0.176716,0.20545,0.192805,0.20545,0.186563,0.20545,0.201235,0.218594,0.201235,0.218594,0.141274,0.23224,0.218594,0.23224,0.209832,0.276213,0.21438,0.291889,0.261047,0.324778,0.249947,0.381351,0.324778,0.42007,0.381351
0.166062,0,0.166062,0,0.192805,0.166062,0.192805,0.166062,0.192805,0.166062,0.192805,0.192805,0.218594,0.192805,0.218594,0.192805,0.218594,0.201084,0.218594,0.218594,0.23224,0.209998,0.261047,0.192566,0.261047,0.24639,0.276213,0.20318,0.276213,0.261047,0.276213,0.239496,0.276213,0.243355,0.291889,0.276213,0.291889,0.276213,0.308077,0.291889,0.308077,0.291889,0.400448,0.308077
0.0203719,0,0.0344963,0.0195811,0.0383918,0.0344963,0.0425902,0.0383918,0.116296,0.0351841,0.134841,0.0958458,0.134841,0.134841,0.144789,0.104091,0.144789,0.134841,0.144789,0.064535,0.155194,0.142302,0.192805,0.149991,0.192805,0.152592,0.192805,0.155194,0.218594,0.192805,0.23224,0.209998,0.23224,0.20595,0.23224,0.147183,0.24639,0.181257,0.24639,0.227691,0.24639,0.23224,0.261047,0.24639
0.00565032,0,0.0203719,0.00565032,0.0471031,0.0196941,0.0626368,0.0459749,0.0685144,0.0481872,0.0844033,0.0685144,0.0844033,0.0844033,0.0844033,0.0577632,0.116296,0.0499484,0.125346,0.084908,0.134841,0.0759,0.134841,0.103523,0.134841,0.125346,0.155194,0.118029,0.166062,0.14841,0.166062,0.0893775,0.192805,0.166062,0.192805,0.166062,0.20545,0.151375,0.218594,0.20545,0.324778,0.218594,0.362778,0.324778
0.0626368,0,0.0685144,0.0626368,0.0844033,0.0685144,0.0844033,0.0676748,0.0844033,0.0685144,0.0844033,0.0804311,0.0844033,0.0844033,0.0844033,0.0844033,0.0917459,0.0844033,0.0995034,0.082633,0.0995034,0.0789617,0.107684,0.09447,0.116296,0.0998187,0.125346,0.0918842,0.155194,0.116296,0.192805,0.155194,0.192805,0.110074,0.192805,0.121078,0.192805,0.155194,0.192805,0.166062,0.20545,0.192805,0.276213,0.180268
0.0138753,0,0.0308921,0.0138753,0.0308921,0.0138753,0.0308921,0.0138753,0.0308921,0.0300609,0.0344963,0.0308921,0.0626368,0.0326942,0.0844033,0.0514163,0.0844033,0.0388283,0.125346,0.0655839,0.125346,0.0745414,0.134841,0.125346,0.144789,0.134841,0.155194,0.141473,0.166062,0.155194,0.192805,0.0864819,0.192805,0.113914,0.192805,0.166062,0.192805,0.155194,0.192805,0.13341,0.23224,0.170318,0.23224,0.192805
0.276213,0,0.291889,0.276213,0.308077,0.291889,0.308077,0.286664,0.308077,0.308077,0.324778,0.302681,0.324778,0.324778,0.362778,0.31784,0.362778,0.324778,0.362778,0.312636,0.362778,0.324778,0.362778,0.319211,0.362778,0.339603,0.362778,0.362778,0.362778,0.362778,0.362778,0.362778,0.381351,0.362778,0.381351,0.362778,0.381351,0.341137,0.42007,0.381351,0.42007,0.37516,0.548715,0.42007
0.0571158,0,0.0685144,0.0571158,0.0917459,0.067045,0.0995034,0.0830884,0.134841,0.097287,0.134841,0.132467,0.144789,0.126007,0.155194,0.139815,0.155194,0.119364,0.166062,0.129156,0.166062,0.155194,0.166062,0.134044,0.192805,0.166062,0.192805,0.166062,0.20545,0.18389,0.218594,0.188698,0.218594,0.156907,0.218594,0.20545,0.23224,0.190677,0.261047,0.23224,0.276213,0.261047,0.308077,0.276213
0.0844033,0,0.0917459,0.0844033,0.0917459,0.0844033,0.0917459,0.0844033,0.0917459,0.0917459,0.0995034,0.0917459,0.125346,0.0995034,0.125346,0.097564,0.134841,0.125346,0.134841,0.108546,0.155194,0.104459,0.192805,0.14841,0.192805,0.13846,0.192805,0.166062,0.192805,0.157781,0.20545,0.123575,0.20545,0.159118,0.23224,0.150537,0.261047,0.23224,0.276213,0.261047,0.276213,0.261047,0.276213,0.207199
0.00565032,0,0.0179994,0.00565032,0.0275674,0.0179994,0.0344963,0.0275674,0.0471031,0.0344963,0.0519413,0.0355473,0.0571158,0.0507318,0.0685144,0.0571158,0.0685144,0.0571158,0.0844033,0.0685144,0.0844033,0.0558857,0.0844033,0.0542433,0.0844033,0.0738107,0.0844033,0.0669627,0.0917459,0.0844033,0.116296,0.0868508,0.125346,0.116296,0.134841,0.125346,0.144789,0.134841,0.155194,0.118179,0.166062,0.112379,0.192805,0.166062
0.0844033,0,0.0844033,0,0.0844033,0.0764589,0.0844033,0.0844033,0.0844033,0.0844033,0.107684,0.0844033,0.125346,0.0960436,0.125346,0.0971969,0.125346,0.107684,0.125346,0.125346,0.134841,0.0923764,0.144789,0.134841,0.155194,0.109735,0.155194,0.141473,0.155194,0.121648,0.192805,0.121648,0.192805,0.144941,0.192805,0.192805,0.20545,0.192805,0.218594,0.178749,0.218594,0.20545,0.308077,0.218594
0.00906959,0,0.0425902,0.00906959,0.0995034,0.0425902,0.107684,0.0693588,0.116296,0.105639,0.116296,0.0978693,0.125346,0.110698,0.134841,0.12276,0.134841,0.134841,0.155194,0.123416,0.166062,0.144941,0.166062,0.150106,0.192805,0.155194,0.192805,0.158257,0.192805,0.158257,0.192805,0.152501,0.20545,0.192805,0.23224,0.188106,0.24639,0.23224,0.261047,0.210666,0.261047,0.24639,0.291889,0.261047
0.0685144,0,0.0995034,0.0665552,0.0995034,0.0685144,0.116296,0.0983952,0.116296,0.0995034,0.116296,0.116296,0.125346,0.116296,0.125346,0.109945,0.125346,0.122329,0.125346,0.120821,0.134841,0.125346,0.144789,0.125568,0.144789,0.112883,0.155194,0.144789,0.166062,0.155194,0.192805,0.135406,0.218594,0.192805,0.218594,0.192805,0.218594,0.192805,0.218594,0.151375,0.218594,0.187511,0.23224,0.218594
0.0344963,0,0.0383918,0.0344963,0.0519413,0.0383918,0.0685144,0.0474248,0.0917459,0.0685144,0.107684,0.0917459,0.107684,0.0859381,0.116296,0.0832881,0.134841,0.0861586,0.134841,0.0980542,0.134841,0.123416,0.144789,0.129605,0.144789,0.120476,0.155194,0.139815,0.155194,0.144903,0.192805,0.155194,0.20545,0.192805,0.20545,0.171398,0.218594,0.177721,0.23224,0.218594,0.23224,0.218594,0.24639,0.23224
0.0995034,0,0.134841,0.0995034,0.166062,0.132467,0.166062,0.134841,0.192805,0.166062,0.192805,0.166062,0.192805,0.161704,0.192805,0.186119,0.20545,0.179433,0.218594,0.20545,0.218594,0.218594,0.23224,0.209998,0.24639,0.23224,0.24639,0.23224,0.24639,0.23224,0.261047,0.237125,0.261047,0.233414,0.276213,0.195374,0.291889,0.234509,0.308077,0.276213,0.308077,0.210349,0.324778,0.237798
0.0308921,0,0.0425902,0.0308921,0.0685144,0.0386909,0.0844033,0.0685144,0.0917459,0.07395,0.0917459,0.0892984,0.0995034,0.0917459,0.0995034,0.0917459,0.125346,0.0995034,0.125346,0.096238,0.125346,0.118885,0.134841,0.11511,0.134841,0.116732,0.144789,0.113512,0.144789,0.144789,0.155194,0.144789,0.166062,0.155194,0.192805,0.145399,0.192805,0.107433,0.218594,0.164569,0.276213,0.218594,0.362778,0.276213
0.218594,0,0.23224,0.218594,0.23224,0.225417,0.276213,0.23224,0.276213,0.230291,0.276213,0.261428,0.291889,0.276213,0.291889,0.276213,0.291889,0.276213,0.291889,0.266781,0.308077,0.28797,0.324778,0.297456,0.362778,0.324778,0.362778,0.313815,0.362778,0.324778,0.381351,0.362778,0.381351,0.362778,0.400448,0.35153,0.42007,0.351705,0.42007,0.363292,0.460881,0.42007,0.548715,0.440215
0.0275674,0,0.0471031,0.0275674,0.0844033,0.0405912,0.107684,0.0844033,0.125346,0.107684,0.125346,0.116296,0.155194,0.11511,0.166062,0.139357,0.192805,0.166062,0.192805,0.166062,0.192805,0.15249,0.192805,0.15249,0.192805,0.166062,0.192805,0.192805,0.192805,0.183402,0.192805,0.170318,0.20545,0.192805,0.218594,0.192851,0.218594,0.192442,0.218594,0.202413,0.218594,0.159871,0.308077,0.218594
0.0203719,0,0.0308921,0.0203719,0.0425902,0.0282621,0.0425902,0.0425902,0.0571158,0.0386909,0.0685144,0.0571158,0.0844033,0.067045,0.0844033,0.07395,0.0917459,0.079107,0.0995034,0.0815546,0.107684,0.077257,0.107684,0.0995034,0.107684,0.101864,0.107684,0.107684,0.166062,0.107684,0.192805,0.117675,0.192805,0.166062,0.218594,0.164431,0.261047,0.181624,0.261047,0.218594,0.276213,0.261047,0.324778,0.276213
0.0917459,0,0.192805,0.0917459,0.192805,0.0917459,0.192805,0.159118,0.192805,0.192805,0.20545,0.192805,0.20545,0.192805,0.218594,0.20545,0.218594,0.202289,0.218594,0.199127,0.23224,0.205616,0.23224,0.176479,0.24639,0.23224,0.24639,0.23224,0.24639,0.237125,0.261047,0.21581,0.261047,0.24639,0.276213,0.22276,0.291889,0.266272,0.291889,0.261217,0.308077,0.291889,0.362778,0.308077
0.0203719,0,0.0308921,0.0203719,0.0344963,0.0304171,0.0471031,0.0335952,0.0471031,0.0300641,0.0519413,0.0398986,0.0519413,0.0398986,0.0626368,0.0519413,0.0685144,0.0626368,0.0685144,0.0520552,0.0685144,0.0613773,0.0844033,0.0558666,0.0844033,0.0685144,0.0844033,0.0629901,0.0844033,0.0844033,0.0917459,0.0626015,0.0917459,0.0844033,0.0995034,0.0815546,0.107684,0.0917459,0.125346,0.0868672,0.125346,0.107684,0.125346,0.125346
0.0308921,0,0.0383918,0.0308921,0.0425902,0.0383918,0.0626368,0.0409191,0.0626368,0.0541143,0.0685144,0.0626368,0.0844033,0.0576394,0.0844033,0.067045,0.0844033,0.0704656,0.0917459,0.0690661,0.0917459,0.0768251,0.107684,0.0634473,0.116296,0.107684,0.116296,0.0866175,0.125346,0.116296,0.125346,0.116296,0.155194,0.0648765,0.166062,0.129408,0.192805,0.166062,0.192805,0.138842,0.192805,0.166062,0.308077,0.192805
0.144789,0,0.144789,0,0.144789,0.139104,0.155194,0.144789,0.192805,0.149991,0.192805,0.156793,0.192805,0.180801,0.192805,0.180801,0.218594,0.192805,0.218594,0.192805,0.218594,0.188864,0.23224,0.209998,0.23224,0.193992,0.261047,0.219095,0.261047,0.200518,0.276213,0.261047,0.291889,0.276213,0.308077,0.291889,0.308077,0.281609,0.308077,0.210628,0.381351,0.297456,0.400448,0.381351
0.0275674,0,0.0344963,0.0244836,0.0383918,0.032764,0.0425902,0.0347118,0.0571158,0.0405667,0.0685144,0.0514609,0.0844033,0.0600099,0.125346,0.0844033,0.134841,0.0706593,0.134841,0.0977606,0.166062,0.118029,0.192805,0.166062,0.192805,0.166062,0.192805,0.133546,0.192805,0.141334,0.23224,0.125089,0.24639,0.23224,0.24639,0.23224,0.362778,0.24639,0.362778,0.155587,0.400448,0.248003,0.400448,0.362778
0.0571158,0,0.134841,0.0571158,0.155194,0.134841,0.166062,0.150106,0.192805,0.162439,0.20545,0.192805,0.20545,0.20545,0.218594,0.20545,0.218594,0.192886,0.24639,0.218594,0.276213,0.183299,0.276213,0.226308,0.291889,0.276213,0.291889,0.232791,0.291889,0.291889,0.291889,0.28797,0.308077,0.280515,0.308077,0.291889,0.308077,0.291889,0.324778,0.308077,0.362778,0.324778,0.362778,0.277613
0.0519413,0,0.0917459,0.0519413,0.0917459,0.0880746,0.0917459,0.0917459,0.0995034,0.0917459,0.0995034,0.0956247,0.107684,0.0837341,0.107684,0.099715,0.116296,0.101654,0.116296,0.104957,0.125346,0.116296,0.134841,0.125346,0.144789,0.123062,0.144789,0.125494,0.155194,0.144789,0.166062,0.155194,0.192805,0.136196,0.23224,0.192805,0.23224,0.159118,0.23224,0.185409,0.276213,0.23224,0.308077,0.276213
0.0844033,0,0.0917459,0.0804311,0.0917459,0.0821335,0.0917459,0.0917459,0.0995034,0.0899103,0.107684,0.0956247,0.107684,0.0969176,0.116296,0.102371,0.125346,0.105665,0.125346,0.0998227,0.134841,0.125346,0.134841,0.134841,0.144789,0.134841,0.144789,0.134841,0.144789,0.127108,0.155194,0.104669,0.155194,0.129846,0.192805,0.155194,0.192805,0.145244,0.23224,0.192805,0.276213,0.23224,0.362778,0.276213
0.107684,0,0.116296,0.107684,0.144789,0.113425,0.166062,0.144789,0.192805,0.15362,0.192805,0.155194,0.20545,0.192805,0.20545,0.169715,0.20545,0.177847,0.218594,0.188106,0.218594,0.20545,0.218594,0.218594,0.23224,0.218594,0.24639,0.218761,0.261047,0.218971,0.261047,0.232743,0.276213,0.187179,0.291889,0.257007,0.308077,0.257177,0.308077,0.291889,0.362778,0.308077,0.362778,0.308077
0.107684,0,0.125346,0.107684,0.144789,0.125346,0.155194,0.144789,0.155194,0.155194,0.192805,0.155194,0.192805,0.155194,0.20545,0.192805,0.20545,0.192805,0.218594,0.20545,0.218594,0.193079,0.23224,0.218594,0.23224,0.218594,0.23224,0.218594,0.23224,0.21897,0.23224,0.212978,0.23224,0.201101,0.24639,0.219095,0.261047,0.213915,0.261047,0.24639,0.291889,0.242979,0.308077,0.247657
0.0917459,0,0.107684,0.0917459,0.107684,0.0917459,0.116296,0.106515,0.116296,0.107684,0.116296,0.107684,0.125346,0.113425,0.125346,0.114143,0.134841,0.125346,0.134841,0.119312,0.144789,0.134841,0.144789,0.132805,0.155194,0.124405,0.166062,0.135406,0.192805,0.136309,0.192805,0.166062,0.192805,0.192805,0.261047,0.164431,0.308077,0.261047,0.324778,0.308077,0.324778,0.308077,0.324778,0.199218
0.0344963,0,0.0383918,0.0344963,0.0685144,0.0383918,0.0917459,0.0600099,0.0995034,0.0802486,0.107684,0.076547,0.116296,0.0873419,0.134841,0.100152,0.144789,0.134841,0.144789,0.134841,0.144789,0.134841,0.144789,0.134841,0.144789,0.141473,0.144789,0.134841,0.155194,0.0838982,0.155194,0.13098,0.192805,0.155194,0.192805,0.128945,0.192805,0.151725,0.192805,0.138759,0.261047,0.12403,0.324778,0.261047
